<?xml version="1.0" encoding="UTF-8"?>
<beans xmlns="http://www.springframework.org/schema/beans"
	xmlns:xsi="http://www.w3.org/2001/XMLSchema-instance"
	xsi:schemaLocation="http://www.springframework.org/schema/beans http://www.springframework.org/schema/beans/spring-beans.xsd">
	<bean class="com.example.demo.UserDAO" id="userDAOBean"></bean>
	<bean class="com.example.demo.UserService">
		<!-- <constructor-arg ref="userDAOBean"></constructor-arg>
		<constructor-arg value="123333"></constructor-arg> -->
		<property name="userDAO" ref="userDAOBean"></property>
		<property name="url" value="http://yahoo.com"></property>
	</bean>
</beans>
